{
  "summary": {
    "timestamp": "2025-03-21T02:03:55.368696",
    "total": 0,
    "passed": 0,
    "failed": 0,
    "skipped": 0,
    "error": 0,
    "duration": 0.0032248497009277344,
    "duration_formatted": "3ms"
  },
  "details": []
}