{
  "summary": {
    "timestamp": "2025-03-21T01:21:07.759851",
    "total": 0,
    "passed": 0,
    "failed": 0,
    "skipped": 0,
    "error": 0,
    "duration": 0.024597644805908203,
    "duration_formatted": "24ms"
  },
  "details": []
}