{
  "summary": {
    "timestamp": "2025-03-21T01:31:29.655218",
    "total": 0,
    "passed": 0,
    "failed": 0,
    "skipped": 0,
    "error": 0,
    "duration": 0.004990577697753906,
    "duration_formatted": "4ms"
  },
  "details": []
}