{
  "summary": {
    "timestamp": "2025-03-21T01:25:07.172239",
    "total": 0,
    "passed": 0,
    "failed": 0,
    "skipped": 0,
    "error": 0,
    "duration": 0.0021538734436035156,
    "duration_formatted": "2ms"
  },
  "details": []
}