{
  "summary": {
    "timestamp": "2025-03-21T01:29:21.087298",
    "total": 0,
    "passed": 0,
    "failed": 0,
    "skipped": 0,
    "error": 0,
    "duration": 0.008426904678344727,
    "duration_formatted": "8ms"
  },
  "details": []
}