{
  "summary": {
    "timestamp": "2025-03-21T01:30:42.011290",
    "total": 0,
    "passed": 0,
    "failed": 0,
    "skipped": 0,
    "error": 0,
    "duration": 0.0029840469360351562,
    "duration_formatted": "2ms"
  },
  "details": []
}