{
  "summary": {
    "timestamp": "2025-03-21T01:28:48.119062",
    "total": 0,
    "passed": 0,
    "failed": 0,
    "skipped": 0,
    "error": 0,
    "duration": 0.003684520721435547,
    "duration_formatted": "3ms"
  },
  "details": []
}