{
  "summary": {
    "timestamp": "2025-03-21T01:23:46.433156",
    "total": 0,
    "passed": 0,
    "failed": 0,
    "skipped": 0,
    "error": 0,
    "duration": 0.004146575927734375,
    "duration_formatted": "4ms"
  },
  "details": []
}